﻿<HelperAdvancedMenu>
    <tabletFile>mods/FS19_HelperAdvanced/huds/NewBlueTablet/hud_tablet.dds</tabletFile>
    <buttonFile>mods/FS19_HelperAdvanced/huds/NewBlueTablet/hud_tablet_button.dds</buttonFile>
    <buttonHoverFile>mods/FS19_HelperAdvanced/huds/NewBlueTablet/hud_tablet_buttonHover.dds</buttonHoverFile>
    <menuTextColor r="1.000000" g="1.000000" b="1.000000"/>
    <entryTextColor r="0.800000" g="0.900000" b="1.000000"/>
    <entryDeactiveTextColor r="0.400000" g="0.500000" b="0.600000"/>
    <noteTextColor r="0.900000" g="0.600000" b="0.300000"/>
</HelperAdvancedMenu>
